routineTime,productType,productName,brand,ingredients,suitableFor
Morning,Cleanser,Foaming Cleanser,CeraVe,Niacinamide Ceramides Hyaluronic Acid,Oily Combination
Morning,Cleanser,Gel Cleanser,La Roche-Posay,Glycerin Niacinamide Zinc PCA,Oily Acne-Prone
Morning,Cleanser,Cream Cleanser,Cetaphil,Glycerin Panthenol Niacinamide,Dry Sensitive
Morning,Cleanser,Oil Control Cleanser,Neutrogena,Salicylic Acid Witch Hazel,Oily Acne-Prone
Morning,Cleanser,Micellar Water,Bioderma,Poloxamer PEG-6 Caprylic Triglycerides,All Sensitive
Morning,Cleanser,Hydrating Cleanser,CeraVe,Ceramides Hyaluronic Acid Glycerin,Dry Normal
Morning,Cleanser,Purifying Cleanser,Kiehl's,Sodium Cocoyl Amino Acids Aloe Vera,Normal Combination
Morning,Cleanser,Low pH Cleanser,COSRX,Betaine Salicylate Tea Tree Oil,Oily Acne
Morning,Cleanser,Enzyme Cleanser,Dermalogica,Papain Bromelain Lactic Acid,Normal Dull
Morning,Cleanser,Milk Cleanser,Laneige,Starflower Oil Evening Primrose Oil,Dry Dehydrated
Morning,Cleanser,Oil Cleanser,DHC,Olive Oil Rosemary Oil,All Dry
Morning,Cleanser,Balancing Cleanser,Innisfree,Green Tea Extract Citric Acid,Combination Oily
Morning,Cleanser,Calming Cleanser,Avène,Avène Thermal Spring Water Glycerin,Sensitive Reactive
Morning,Cleanser,Brightening Cleanser,Klairs,Vitamin B3 Vitamin C Licorice Extract,Dull Uneven
Morning,Cleanser,Antioxidant Cleanser,PCA Skin,Niacinamide Vitamin E Green Tea,All Aging
Morning,Cleanser,Clarifying Cleanser,Murad,Salicylic Acid Glycolic Acid,Oily Congested
Morning,Cleanser,Soothing Cleanser,First Aid Beauty,Colloidal Oatmeal Aloe Vera,Sensitive Irritated
Morning,Cleanser,Gentle Foam,Hada Labo,Sodium Hyaluronate Hydrolyzed Hyaluronic Acid,Dry Dehydrated
Morning,Cleanser,Matcha Cleanser,The Body Shop,Matcha Tea Extract Glycerin,Normal Combination
Morning,Cleanser,Probiotic Cleanser,Tatcha,Rice Ferment Filtrate Green Tea,All Dull
Morning,Cleanser,Exfoliating Cleanser,Paula's Choice,Salicylic Acid Green Tea,Oily Enlarged Pores
Morning,Cleanser,Moisture Cleanser,Vanicream,Glycerin Caprylic Triglycerides,Sensitive Reactive
Morning,Cleanser,Purifying Foam,Shiseido,Japanese Rose Fruit Extract Silica,Combination
Morning,Cleanser,Bright Foam,Sulwhasoo,Acanthopanax Bark Extract Licorice,Dull Aging
Morning,Cleanser,Herbal Cleanser,Aveda,Calendula Chamomile Lavender,Sensitive Normal
Morning,Cleanser,Vitamin Cleanser,Philosophy,Vitamin C Vitamin E Ferulic Acid,Dull Normal
Morning,Cleanser,BHA Cleanser,COSRX,Salicylic Acid Niacinamide,Oily Blackheads
Morning,Cleanser,AHA Cleanser,Sunday Riley,Lactic Acid Glycolic Acid,Normal Dull
Morning,Cleanser,Oil-Free Cleanser,Kate Somerville,Buffelgrass Extract Sulfur,Oily Acne
Morning,Cleanser,Redness Cleanser,Eucerin,Licochalcone Glycerin,Sensitive Redness
Morning,Cleanser,Foaming Gel,Vichy,Salicylic Acid Niacinamide Volcanic Water,Oily Combination
Morning,Cleanser,Micellar Gel,Garnier,Glycerin Disodium EDTA,Normal All
Morning,Cleanser,Hydrating Gel,Belif,Water Fennel Seed Extract Comfrey Leaf,Dry Normal
Morning,Cleanser,Clarifying Gel,Avene,Avène Thermal Spring Water Cucumber Extract,Oily Sensitive
Morning,Cleanser,Jelly Cleanser,Glossier,Water Glycerin Propanediol,All Normal
Morning,Cleanser,Balm Cleanser,Elemis,Linseed Oil Almond Oil Sunflower Oil,Dry Mature
Morning,Cleanser,Cream Foam,Sulwhasoo,Herbal Blend Glycerin,Dry Aging
Morning,Cleanser,Powder Cleanser,Tosowoong,Papain Green Tea Powder,All Exfoliating
Morning,Cleanser,Charcoal Cleanser,Origins,Activated Charcoal Mint,Oily Purifying
Morning,Cleanser,Honey Cleanser,Farmacy,Manuka Honey Echinacea,Sensitive Dry
Morning,Cleanser,Rice Cleanser,Tatcha,Rice Bran Rice Germ Rice Oil,Normal Dull
Morning,Cleanser,Aloe Cleanser,Alaffia,Aloe Vera Coconut Oil Shea Butter,Dry Normal
Morning,Cleanser,Tea Tree Cleanser,The Body Shop,Tea Tree Oil Peppermint Oil,Oily Problematic
Morning,Cleanser,Rose Cleanser,Fresh,Rose Water Rose Flower Oil Rose Seed Oil,Dry Sensitive
Morning,Cleanser,Lavender Cleanser,EO Products,Lavender Oil Aloe Vera,Sensitive Calming
Morning,Cleanser,Chamomile Cleanser,Dr. Hauschka,Chamomile Calendula St. John's Wort,Sensitive Redness
Morning,Cleanser,Green Tea Cleanser,Innisfree,Green Tea Extract Green Tea Water,Combination Oily
Morning,Cleanser,Centella Cleanser,Dr. Jart+,Centella Asiatica Extract Madecassoside,Sensitive Irritated
Morning,Cleanser,Cica Cleanser,La Roche-Posay,Shea Butter Niacinamide Panthenol,Dry Sensitive
Morning,Cleanser,Madecassoside Cleanser,A'pieu,Madécassoside Asiaticoside Asiatic Acid,Sensitive Damaged
Morning,Cleanser,Urea Cleanser,Eucerin,Urea Ceramides Lactic Acid,Dry Rough
Morning,Cleanser,Amino Cleanser,Tatcha,Amino Acids Rice Bran Glycerin,Normal Aging
Morning,Cleanser,Enzyme Powder,Su:m37,Lactobacillus/Pumpkin Ferment Extract,All Exfoliating
Morning,Serum,Vitamin C Serum,Skinceuticals,L-Ascorbic Acid Ferulic Acid Vitamin E,Normal Dull
Morning,Serum,Antioxidant Serum,Drunk Elephant,Vitamin C Vitamin E Ferulic Acid,All Aging
Morning,Serum,Hyaluronic Acid Serum,The Ordinary,Sodium Hyaluronate Vitamin B5,Dehydrated All
Morning,Serum,Niacinamide Serum,The Ordinary,Niacinamide Zinc PCA,Oily Combination
Morning,Serum,Brightening Serum,Kiehl's,Vitamin C Glycolic Acid Peptides,Dull Uneven
Morning,Serum,Hydrating Serum,La Roche-Posay,Hyaluronic Acid Ceramides Niacinamide,Dry Dehydrated
Morning,Serum,Calming Serum,Avène,Avène Thermal Spring Water Sucralfate Dextran Sulfate,Sensitive Reactive
Morning,Serum,BHA Serum,Paula's Choice,Salicylic Acid Green Tea Chamomile,Oily Acne
Morning,Serum,AHA Serum,Drunk Elephant,Glycolic Acid Lactic Acid Citric Acid,Normal Dull
Morning,Serum,Retinol Serum,CeraVe,Retinol Ceramides Niacinamide,Normal Aging
Morning,Serum,Peptide Serum,Olay,Peptides Niacinamide Vitamin B3,All Aging
Morning,Serum,Ceramide Serum,Elizabeth Arden,Ceramides Phytosphingosine Cholesterol,Dry Mature
Morning,Serum,Propolis Serum,COSRX,Propolis Extract Honey Extract Bee Venom,Normal Damaged
Morning,Serum,Snail Serum,COSRX,Snail Secretion Filtrate Niacinamide Hyaluronic Acid,Dry Damaged
Morning,Serum,Licorice Serum,Acure,Licorice Root Vitamin C CoQ10,Dull Hyperpigmentation
Morning,Serum,Green Tea Serum,Innisfree,Green Tea Extract Green Tea Seed Oil,Combination Oily
Morning,Serum,Caffeine Serum,The Ordinary,Caffeine EGCG,Dull Puffy Eyes
Morning,Serum,Azelaic Acid Serum,The Ordinary,Azelaic Acid Salicylic Acid,Oily Redness
Morning,Serum,Tranexamic Acid Serum,Good Molecules,Tranexamic Acid Niacinamide,Dull Pigmentation
Morning,Serum,Arbutin Serum,The Ordinary,Alpha Arbutin Hyaluronic Acid,Dull Dark Spots
Morning,Serum,Resveratrol Serum,The Ordinary,Resveratrol Ferulic Acid,All Antioxidant
Morning,Serum,EUK Serum,The Ordinary,EUK 134,All Antioxidant
Morning,Serum,Pycnogenol Serum,The Ordinary,Pycnogenol Hyaluronic Acid,All Aging
Morning,Serum,Matrixyl Serum,The Ordinary,Matrixyl Hyaluronic Acid,All Aging
Morning,Serum,Argireline Serum,The Ordinary,Acetyl Hexapeptide-8,All Wrinkles
Morning,Serum,Copper Peptides Serum,NIOD,Copper Tripeptide-1 Hyaluronic Acid,All Repair
Morning,Serum,Vitamin F Serum,NIOD,Vitamin F Linoleic Acid,All Barrier
Morning,Serum,Plankton Serum,NIOD,Plankton Extract Hyaluronic Acid,All Hydration
Morning,Serum,Bakuchiol Serum,The Inkey List,Bakuchiol Squalane Rosehip Oil,Sensitive Aging
Morning,Serum,Polyglutamic Acid Serum,The Inkey List,Polyglutamic Acid Hyaluronic Acid,Dehydrated All
Morning,Serum,Aloe Serum,The Inkey List,Aloe Vera Niacinamide,Sensitive Calming
Morning,Serum,Salicylic Acid Serum,The Inkey List,Salicylic Acid Squalane,Oily Acne
Morning,Serum,Lactic Acid Serum,The Inkey List,Lactic Acid Hyaluronic Acid,Normal Dull
Morning,Serum,Glycolic Acid Serum,The Inkey List,Glycolic Acid Hyaluronic Acid,Normal Dull
Morning,Serum,Tranexamic Acid Serum,The Inkey List,Tranexamic Acid Niacinamide,Dull Pigmentation
Morning,Serum,Mandelic Acid Serum,The Inkey List,Mandelic Acid Hyaluronic Acid,Sensitive Dull
Morning,Serum,N-acetyl Glucosamine Serum,The Inkey List,N-acetyl Glucosamine Niacinamide,Dull Texture
Morning,Serum,PHA Serum,Neostrata,Gluconolactactone Lactobionic Acid,Sensitive Aging
Morning,Serum,Retinal Serum,Medik8,Retinaldehyde Vitamin E,All Aging
Morning,Serum,Collagen Serum,Vichy,Collagen Fragments Vitamin C,All Aging
Morning,Serum,Algae Serum,Biopelle,Ascophyllum Nodosum Extract Chlorella Vulgaris,All Nourishing
Morning,Serum,DNA Serum,Priorin,DNA Repair Enzymes Micrococcus Lysate,All Aging
Morning,Serum,Gold Serum,Peter Thomas Roth,24K Gold Collagen Peptides,All Luxe
Morning,Serum,Caviar Serum,La Prairie,Caviar Extract Ginseng Extract,All Luxe
Morning,Serum,Firming Serum,Clarins,Turmeric Extract Boswellia Extract,All Firming
Morning,Serum,Clarifying Serum,Murad,Salicylic Acid Retinol Glycolic Acid,Oily Acne
Morning,Serum,Water Bank Serum,Laneige,Green Mineral Water White Mineral Water,Dehydrated All
Morning,Serum,First Energy Serum,Sulwhasoo,Ginseng Berry Extract Licorice Root,All Energizing
Morning,Serum,Concentrated Ginseng Serum,Sulwhasoo,Concentrated Ginseng Extract,All Aging
Morning,Serum,Time Response Serum,Amarte,Marine Collagen Peptides Hyaluronic Acid,All Aging
Morning,Serum,Ultimate Serum,Estee Lauder,Chronolux Technology Tripeptide-32,All Aging
Morning,Serum,Genifique Serum,Lancome,Bifida Ferment Lysate Vitamin Cg,All Youth
Morning,Serum,Advanced Night Repair,Estee Lauder,Bifida Ferment Lysate Tripeptide-32,All Repair
Morning,Serum,Super Serum,SkinCeuticals,Vitamin C Ferulic Acid Phloretin,All Brightening
Morning,Serum,Phloretin Serum,SkinCeuticals,Phloretin Ferulic Acid Vitamin C,All Brightening
Morning,Serum,Silymarin Serum,SkinCeuticals,Silymarin Salicylic Acid,Oily Acne
Morning,Serum,Metacell Serum,Babor,Hormone Replacement Factor,Hormonal Aging
Morning,Serum,Hyaluron Serum,Babor,Hyaluronic Acid Marine Collagen,Dehydrated All
Morning,Serum,O2 Serum,Babor,Oxygen Carriers Vitamin C,All Dull
Morning,Serum,Vitamin Booster,Dermalogica,Vitamin A C E Licochalcone,All Nutrition
Morning,Serum,BioLumin-C Serum,Dermalogica,Vitamin C Tripeptide-5,All Brightening
Morning,Serum,Phyto-Nature Serum,Dermalogica,Aloe Ferox Camellia Sinensis,All Soothing
Morning,Serum,Active Serum,Dermalogica,Niacinamide Zinc Gluconate Biotin,Oily Problematic
Morning,Serum,CoQ10 Serum,DHC,Coenzyme Q10 Vitamin E Licorice,All Aging
Morning,Serum,Olive Oil Serum,DHC,Olive Virgin Oil Olive Leaf Extract,Dry Nourishing
Morning,Serum,Collagen Essence,Klairs,Forsythia Suspensa Fruit Extract Licorice,All Firming
Morning,Serum,Vitamin E Serum,The Body Shop,Vitamin E Wheatgerm Oil,Dry Nourishing
Morning,Serum,Tea Tree Serum,The Body Shop,Tea Tree Oil Salicylic Acid,Oily Blemish
Morning,Serum,Drops of Youth Serum,The Body Shop,Sea Daffodil Extract,All Youth
Morning,Serum,Camelia Serum,Tatcha,Camellia Oil Green Tea Rice Bran,All Nourishing
Morning,Serum,The Silk Serum,Tatcha,Silk Extract Pearl Extract,All Luxe
Morning,Serum,Plumping Serum,Summer Fridays,Hyaluronic Acid Niacinamide Ceramides,Dehydrated All
Morning,Serum,Cloud Serum,Summer Fridays,Niacinamide Vitamin C Peptides,All Brightening
Morning,Serum,B Oil,Herbivore,Apricot Oil Rosehip Oil Meadowfoam Oil,Dry Nourishing
Morning,Serum,Lapis Oil,Herbivore,Blue Tansy Oil Kukui Nut Oil Squalane,Oily Balancing
Morning,Serum,Orchid Oil,Zelens,Orchid Extract Camellia Oil,Dry Nourishing
Morning,Serum,Phoenix Oil,Biossance,Squalane Rosehip Oil Vitamin E,Dry Regenerating
Morning,Serum,Squalane Oil,Biossance,Squalane Sugarcane Derived,All Hydrating
Morning,Serum,Retinol Oil,Biossance,Squalane Retinol Bakuchiol,All Aging
Morning,Serum,Marine Oil,Biossance,Squalane Algae Extract,All Nourishing
Morning,Serum,Omega Oil,Biossance,Squalane Omega Fatty Acids,All Barrier
Morning,Serum,Bakuchiol Oil,Biossance,Squalane Bakuchiol,All Aging Gentle
Morning,Serum,Firming Oil,Drunk Elephant,Virgin Marula Oil,All Nourishing
Morning,Serum,Luxe Oil,Drunk Elephant,Marula Oil Mongongo Oil,All Nourishing
Morning,Serum,Retinoid Oil,Drunk Elephant,Virgin Marula Oil Retinyl Propionate,All Aging
Morning,Serum,D-Bronzi Oil,Drunk Elephant,Marula Oil Chronocyclin,All Bronzing
Morning,Serum,Virgin Marula Oil,Drunk Elephant,Marula Oil Antioxidants,All Nourishing
Morning,Moisturizer,Oil-Free Moisturizer,Neutrogena,Hyaluronic Acid Glycerin,Oily Combination
Morning,Moisturizer,Hyaluronic Acid Moisturizer,CeraVe,Hyaluronic Acid Ceramides Niacinamide,Dry Dehydrated
Morning,Moisturizer,Ultra Facial Cream,Kiehl's,Squalane Antarcticine Imperata Cylindrica,Dry Normal
Morning,Moisturizer,Water Cream,Tatcha,Japanese Wild Rose Leopard Lily,Combination Oily
Morning,Moisturizer,Dewy Cream,Tatcha,Japanese Purple Rice Marine Collagen,Dry Mature
Morning,Moisturizer,Moisture Surge,Clinique,Aloe Water Hyaluronic Acid,Dehydrated All
Morning,Moisturizer,Dramatically Different Moisturizer,Clinique,Sesame Oil Safflower Oil Cucumber Extract,Dry Normal
Morning,Moisturizer,Hydro Boost,Neutrogena,Sodium Hyaluronate Glycerin,Dehydrated All
Morning,Moisturizer,Oil-Free Gel,La Roche-Posay,Perlite Silica Zinc PCA,Oily Shine Control
Morning,Moisturizer,Toleriane Moisturizer,La Roche-Posay,Shea Butter Ceramides Niacinamide,Sensitive Dry
Morning,Moisturizer,Lipikar Balm,La Roche-Posay,Shea Butter Niacinamide Thermal Water,Dry Very Dry
Morning,Moisturizer,Cicaplast Balm,La Roche-Posay,Panthenol Shea Butter Madecassoside,Sensitive Damaged
Morning,Moisturizer,Protective Moisturizer,Cetaphil,Glycerin Panthenol Sunflower Oil,Dry Sensitive
Morning,Moisturizer,Redness Relief Moisturizer,Eucerin,Licochalcone Glycerin Shea Butter,Sensitive Redness
Morning,Moisturizer,Advanced Repair Cream,Eucerin,Urea Ceramides Lactic Acid,Dry Rough
Morning,Moisturizer,Q10 Cream,Eucerin,Coenzyme Q10 Vitamin E,Geriatric Dry
Morning,Moisturizer,Phyto Corrective Gel,SkinCeuticals,Oligopeptides Cucumber Thyme,Redness Sensitive
Morning,Moisturizer,Emollience Cream,SkinCeuticals,Sea Whip Extract Rosehip Oil Avocado Oil,Dry Nourishing
Morning,Moisturizer,Triple Lipid Cream,SkinCeuticals,Ceramides Cholesterol Fatty Acids,Aging Dry
Morning,Moisturizer,Rich Cream,Augustinus Bader,TFC8 Technology Shea Butter,Mature Dry
Morning,Moisturizer,The Cream,Augustinus Bader,TFC8 Technology Avocado Oil,Mature Normal
Morning,Moisturizer,The Rich Cream,Augustinus Bader,TFC8 Technology Evening Primrose Oil,Mature Dry
Morning,Moisturizer,The Light Cream,Augustinus Bader,TFC8 Technology Aloe Vera,Mature Oily
Morning,Moisturizer,La Mer Moisturizer,La Mer,Miracle Broth Sea Kelp Lime Tea,Luxe All
Morning,Moisturizer,Soft Cream,La Mer,Miracle Broth Sea Lavender,Luxe Normal
Morning,Moisturizer,Matte Moisturizer,La Mer,Miracle Broth Oil Absorbing Powders,Luxe Oily
Morning,Moisturizer,Replenishing Cream,Estee Lauder,Pro-Vitamin D Ceramides,Normal Dry
Morning,Moisturizer,Resilience Cream,Estee Lauder,Peptides Marine Extracts,Aging Firming
Morning,Moisturizer,Revitalizing Supreme,Estee Lauder,Moringa Extract Pomegranate Extract,Aging Brightening
Morning,Moisturizer,Hydra Zen Cream,Lancome,Neurocalm Technology Rose Extract Jasmine Extract,Sensitive Stressed
Morning,Moisturizer,Renergie Cream,Lancome,Peptides Linseed Extract Soybean Extract,Aging Firming
Morning,Moisturizer,Absolue Cream,Lancome,Rose Extracts Pro-Xylane,Luxe Aging
Morning,Moisturizer,Blue Herbal Moisturizer,Kiehl's,Ginger Root Camphor Salicylic Acid,Oily Acne
Morning,Moisturizer,Abyssine Cream,Kiehl's,Abyssine Factor Imperata Cylindrica,Sensitive Irritated
Morning,Moisturizer,Calendula Moisturizer,Kiehl's,Calendula Extract Allantoin,Sensitive Calming
Morning,Moisturizer,Centella Cream,Dr. Jart+,Centella Asiatica Asiaticoside Asiatic Acid,Sensitive Repair
Morning,Moisturizer,Cicapair Cream,Dr. Jart+,Centella Asiatica Madecassoside Panthenol,Sensitive Redness
Morning,Moisturizer,Ceramidin Cream,Dr. Jart+,Ceramides Panthenol Shea Butter,Dry Barrier
Morning,Moisturizer,Water Drop Cream,Belif,Water Fennel Seed Extract Lady's Mantle Extract,Dehydrated All
Morning,Moisturizer,Moisturizing Bomb,Belif,Shea Butter Squalane Peony Extract,Dry Intense
Morning,Moisturizer,Aqua Bomb,Belif,Water Fennel Seed Extract Plantain Lily,Combination Oily
Morning,Moisturizer,Green Tea Cream,Innisfree,Green Tea Extract Green Tea Seed Oil,Combination Oily
Morning,Moisturizer,Jeju Orchid Cream,Innisfree,Orchid Extract Camellia Oil,All Nourishing
Morning,Moisturizer,Bija Cream,Innisfree,Salicylic Acid Tea Tree Oil,Oily Troubled
Morning,Moisturizer,Green Tea Seed Cream,Innisfree,Green Tea Seed Oil Squalane,Dry Nourishing
Morning,Moisturizer,Volcanic Cream,Innisfree,Jeju Volcanic Clusters Salicylic Acid,Oily Sebum
Morning,Moisturizer,Rice Cream,Innisfree,Rice Extract Rice Bran Oil,Normal Brightening
Morning,Moisturizer,Essential Cream,Sulwhasoo,Ginseng Extract Licorice Root,All Aging
Morning,Moisturizer,Concentrated Cream,Sulwhasoo,Concentrated Ginseng Extract,All Aging Luxe
Morning,Moisturizer,Timetreasure Cream,Sulwhasoo,Royal Ginseng Saponins,All Ultimate Aging
Morning,Moisturizer,Herbal Moisturizer,Sulwhasoo,Herbal Blend Apricot Seed Oil,Dry Nourishing
Morning,Moisturizer,Snowise Cream,Sulwhasoo,White Ginseng Podophyllin,All Brightening
Morning,Moisturizer,Aloe Vera Moisturizer,Nature Republic,92% Aloe Vera,All Soothing
Morning,Moisturizer,Snail Cream,Mizon,Snail Secretion Filtrate 92%,Damaged Repair
Morning,Moisturizer,Snail Repair Cream,COSRX,Snail Secretion Filtrate Niacinamide,All Repair
Morning,Moisturizer,Oil-Free Moisturizer,COSRX,Betaine Salicylic Acid Tea Tree Oil,Oily Acne
Morning,Moisturizer,Hyaluronic Acid Cream,COSRX,Sodium Hyaluronate Betaine,Dehydrated All
Morning,Moisturizer,Birch Sap Cream,COSRX,Birch Sap Squalane Betaine,All Hydrating
Morning,Moisturizer,Propolis Cream,COSRX,Propolis Extract Honey Extract,All Glow
Morning,Moisturizer,Ultimate Moisturizer,CeraVe,Ceramides Hyaluronic Acid Niacinamide,Dry Very Dry
Morning,Moisturizer,PM Facial Lotion,CeraVe,Niacinamide Ceramides Hyaluronic Acid,All Night
Morning,Moisturizer,AM Facial Lotion,CeraVe,Niacinamide Ceramides Glycerin,All Day
Morning,Moisturizer,SA Cream,CeraVe,Salicylic Acid Ceramides Lactic Acid,Rough Dry
Morning,Moisturizer,Healing Ointment,CeraVe,Petrolatum Ceramides Panthenol,Dry Cracked
Morning,Moisturizer,Renewing Cream,Neutrogena,Retinol Glycerin,Aging Normal
Morning,Moisturizer,Rapid Repair Cream,Neutrogena,Shea Butter Glycerin,Dry Very Dry
Morning,Moisturizer,Water Gel,Neutrogena,Hyaluronic Acid Glycerin,Combination Oily
Morning,Moisturizer,Aloe Vera Gel,Amara,Aloe Vera Allantoin,All Soothing
Morning,Moisturizer,Cucumber Gel,The Body Shop,Cucumber Extract Glycerin,All Refreshing
Morning,Moisturizer,Vitamin E Cream,The Body Shop,Vitamin E Wheatgerm Oil,Dry Nourishing
Morning,Moisturizer,Drops of Youth Cream,The Body Shop,Sea Daffodil Extract,All Youth
Morning,Moisturizer,Seaweed Cream,The Body Shop,Seaweed Extract Glycerin,Combination Oily
Morning,Moisturizer,Chamomile Cream,The Body Shop,Chamomile Extract Community Trade Honey,Sensitive Calming
Morning,Moisturizer,Oat Cream,First Aid Beauty,Colloidal Oatmeal Shea Butter,Sensitive Dry
Morning,Moisturizer,Ultra Repair Cream,First Aid Beauty,Colloidal Oatmeal Shea Butter Allantoin,Sensitive Eczema
Morning,Moisturizer, Coconut Cream,First Aid Beauty,Coconut Water Hyaluronic Acid,Dehydrated All
Morning,Moisturizer,Arnica Relief Cream,First Aid Beauty,Arnica Montana Curcumin,Sensitive Redness
Morning,Moisturizer,Kale Cream,First Aid Beauty,Kale Spinach Green Tea,All Antioxidant
Morning,Moisturizer,Retinol Eye Cream,Inkey List,Retinol Peptides,Crow's Feet
Morning,Moisturizer,Caffeine Eye Cream,Inkey List,Caffeine Peptides,Under Eye Circles
Morning,Moisturizer,Matrixyl Eye Cream,Inkey List,Matrixyl Hyaluronic Acid,All Eye Lines
Morning,Moisturizer,Brighten Eye Cream,Inkey List,Vitamin C Caffeine,Under Eye Brightening
Morning,Moisturizer,Q10 Eye Cream,Inkey List,Coenzyme Q10 Peptides,All Eye Firming
Morning,Moisturizer,Retinol Cream,RoC,Retinol Glycerin,Aging Normal
Morning,Moisturizer,Multi Correxion Cream,Roc,Retinol Hexinol Complex,Aging Advanced
Morning,Moisturizer,Retinol Correxion Cream,Roc,Retinol Glycerin,Under Eye Aging
Morning,Moisturizer,Total Repair Cream,Olay,Retinol Niacinamide Peptides,Aging All
Morning,Moisturizer,Regenerist Cream,Olay,Niacinamide Peptides Amino Acids,Aging All
Morning,Moisturizer,Age Defying Cream,Olay,Niacinamide Vitamin E Green Tea,Aging All
Morning,Moisturizer,SPF 15 Cream,Olay,Niacinamide Octinoxate,All Day Protection
Morning,Moisturizer,SPF 30 Cream,CeraVe,Niacinamide Ceramides Homosalate,All Sun Protection
Morning,Moisturizer,SPF 50 Cream,La Roche-Posay,Cell-Ox Shield XL Protect Technology,Sensitive Sun
Morning,Sunscreen,Mineral Sunscreen,La Roche-Posay,Titanium Dioxide Zinc Oxide,Sensitive All
Morning,Sunscreen,Chemical Sunscreen,La Roche-Posay,Avobenzone Octocrylene,All Non-Sensitive
Morning,Sunscreen,Anthelios Sunscreen,La Roche-Posay,Cell-Ox Shield Mexoryl SX,All High Protection
Morning,Sunscreen,Clear Sunscreen,Supergoop,Avobenzone Octisalate Octocrylene,All Everyday
Morning,Sunscreen,Unseen Sunscreen,Supergoop,Avobenzone Octisalate Octocrylene,All Invisible
Morning,Sunscreen,Glow Sunscreen,Supergoop,Avobenzone Octisalate Vitamin C,All Glow
Morning,Sunscreen,Mineral Sunscreen,Supergoop,Zinc Oxide Titanium Dioxide,Sensitive All
Morning,Sunscreen,Shimmer Sunscreen,Supergoop,Avobenzone Octisalate Mica,All Glow
Morning,Sunscreen,Sheer Mineral Sunscreen,Cotz,Titanium Dioxide Zinc Oxide,Sensitive All
Morning,Sunscreen,Flawless Sunscreen,Cotz,Zinc Oxide Silica,Sensitive Tinted
Morning,Sunscreen,Fluid Sunscreen,Shiseido,Zinc Oxide Octinoxate Sencha Extract,All Water Resistant
Morning,Sunscreen,Ultimate Sunscreen,Shiseido,Synchro Shield Technology Propolis,All Sweat Proof
Morning,Sunscreen,Clear Stick,Shiseido,Zinc Oxide Octinoxate,All Easy Apply
Morning,Sunscreen,UV Perfection,Shiseido,Autumn Rose Extract Safflower Extract,All Brightening
Morning,Sunscreen,Urban Environment,Shiseido,UV Protection Technology,All Pollution Protection
Morning,Sunscreen,City Shield,Kiehl's,Avobenzone Octisalate Vitamin E,All Urban
Morning,Sunscreen,Activated Sunscreen,Kiehl's,Octinoxate Oxybenzone Rosa Gallica,All Nourishing
Morning,Sunscreen,Super Fluid Sunscreen,Kiehl's,Octinoxate Octisalate Vitamin E,All Lightweight
Morning,Sunscreen,Sun Defense,Clinique,Octinoxate Titanium Dioxide,All Sensitive
Morning,Sunscreen,City Block,Clinique,Octinoxate Titanium Dioxide Iron Oxides,All Tinted
Morning,Sunscreen,Even Better,Clinique,Octinoxate Vitamin C,All Brightening
Morning,Sunscreen,Super City Block,Clinique,Octinoxate Titanium Dioxide,All SPF 40
Morning,Sunscreen,Mineral Sun Fluid,Clinique,Zinc Oxide Titanium Dioxide,Sensitive Mineral
Morning,Sunscreen,UV Clear EltaMD,EltaMD,Zinc Oxide Niacinamide,Oily Acne
Morning,Sunscreen,UV Sport EltaMD,EltaMD,Zinc Oxide Octinoxate,All Sport
Morning,Sunscreen,UV Lotion EltaMD,EltaMD,Zinc Oxide Octinoxate,All Body
Morning,Sunscreen,UV Restore EltaMD,EltaMD,Zinc Oxide Vitamin C,All Repair
Morning,Sunscreen,UV Shield EltaMD,EltaMD,Zinc Oxide Octinoxate,All Tinted
Morning,Sunscreen,UV Daily EltaMD,EltaMD,Zinc Oxide Hyaluronic Acid,All Daily
Morning,Sunscreen,Physical Sunscreen,Blue Lizard,Zinc Oxide Titanium Dioxide,Sensitive All
Morning,Sunscreen,Sensitive Sunscreen,Blue Lizard,Zinc Oxide,Sensitive Baby
Morning,Sunscreen,Australian Sunscreen,Blue Lizard,Zinc Oxide Titanium Dioxide,All Reef Safe
Morning,Sunscreen,Kids Sunscreen,Blue Lizard,Zinc Oxide Titanium Dioxide,Children Sensitive
Morning,Sunscreen,Active Sunscreen,Neutrogena,Helioplex Technology Avobenzone,All Active
Morning,Sunscreen,Ultra Sheer,Neutrogena,Helioplex Technology Avobenzone,All Dry Touch
Morning,Sunscreen,Beach Defense,Neutrogena,Helioplex Technology Avobenzone,All Water Resistant
Morning,Sunscreen,Hydro Boost Sunscreen,Neutrogena,Hyaluronic Acid Avobenzone,Dehydrated All
Morning,Sunscreen,Aging Defense,Neutrogena,Helioplex Technology Vitamin E,All Anti-Aging
Morning,Sunscreen,Clear Face Sunscreen,Neutrogena,Helioplex Technology Salicylic Acid,Oily Acne
Morning,Sunscreen,Sheer Zinc Sunscreen,Neutrogena,Zinc Oxide Titanium Dioxide,Sensitive Mineral
Morning,Sunscreen,Mineral Sunscreen,CeraVe,Zinc Oxide Titanium Dioxide Ceramides,Sensitive Barrier
Morning,Sunscreen,Hydrating Sunscreen,CeraVe,Zinc Oxide Niacinamide Ceramides,Dry Sensitive
Morning,Sunscreen,Invisible Zinc Sunscreen,CeraVe,Zinc Oxide Ceramides,All Mineral
Morning,Sunscreen,UV Defense,Avène,Avène Thermal Spring Water Titanium Dioxide,Sensitive Intolerant
Morning,Sunscreen,Mineral Fluid,Avène,Titanium Dioxide Zinc Oxide Pre-Tocopheryl,Sensitive High Protection
Morning,Sunscreen,Very High Protection,Avène,Tinosorb S Avobenzone,Sensitive Sun
Morning,Sunscreen,Sunsimed,Avène,Diethylamino Hydroxybenzoyl Hexyl Benzoate,Very Sensitive
Morning,Sunscreen,SPF 50 Mist,Supergoop,Avobenzone Octisalate Octocrylene,All Mist
Morning,Sunscreen,SPF 50 Spray,Neutrogena,Helioplex Technology Avobenzone,All Spray
Morning,Sunscreen,SPF 50 Stick,Shiseido,Zinc Oxide Octinoxate,All Stick
Morning,Sunscreen,SPF 50 Powder,Colorscience,Zinc Oxide Titanium Dioxide,All Powder Touch Up
Morning,Sunscreen,SPF 50 Brush,Brush On Block,Zinc Oxide Titanium Dioxide,All Brush Application
Morning,Sunscreen,SPF 50 Cushion,Laneige,Zinc Oxide Octinoxate,All Cushion Application
Morning,Sunscreen,SPF 50 BB Cream,Missha,Zinc Oxide Octinoxate Niacinamide,All BB Coverage
Morning,Sunscreen,SPF 50 CC Cream,It Cosmetics,Zinc Oxide Titanium Dioxide Peptides,All CC Coverage
Morning,Sunscreen,SPF 50 Foundation,Estee Lauder,Octinoxate Titanium Dioxide,All Foundation Coverage
Night,Cleanser,Oil Cleanser,DHC,Olive Oil Rosemary Oil Vitamin E,All Makeup Removal
Night,Cleanser,Balm Cleanser,Farmacy,Green Clean Moringa Seed Oil Papaya Enzyme,All First Step
Night,Cleanser,Cream Cleanser,Ponds,Cold Cream Mineral Oil,All Dry
Night,Cleanser,Micellar Water,Garnier,Micelles Arginine Glycerin,All Sensitive
Night,Cleanser,Cleansing Oil,Shu Uemura,Preatment Oil Olive Oil,All Luxury
Night,Cleanser,Ultimate Cleanser,Shu Uemura,8 Oils Blend,All Luxe
Night,Cleanser,Anti-Oxi Cleanser,Shu Uemura,Green Tea Oil Rosemary Oil,All Antioxidant
Night,Cleanser,Blanc Chroma Cleanser,Shu Uemura,Brightening Oil Blend,All Brightening
Night,Cleanser,Cleansing Balm,Eve Lom,Ethylene Brassylate Eucalyptus Oil,All Luxury
Night,Cleanser,Cleansing Balm,Clinique Take The Day Off,Ethylhexyl Palmitate Safflower Seed Oil,All Makeup Removal
Night,Cleanser,Cleansing Balm,The Body Shop Camomile,Chamomile Extract Oil Blend,All Gentle
Night,Cleanser,Cleansing Balm,Green Clean Farmacy,Caprylic/Capric Triglyceride Moringa Oil,All Fresh
Night,Cleanser,Cleansing Balm,Then I Met You,Apricot Kernel Oil Grapefruit Oil,All Nourishing
Night,Cleanser,Cleansing Balm,Heimish,Shea Butter Bergamot Oil,All K-Beauty
Night,Cleanser,Cleansing Balm,Banila Co,Mineral Oil Shea Butter,All Zero
Night,Cleanser,Cleansing Balm,Clinique Take The Day Off,Ethylhexyl Palmitate Caprylic/Capric Triglyceride,All Classic
Night,Cleanser,Double Cleanse,Su:m37,Micro Active Water Herbal Blend,All Luxury K-Beauty
Night,Cleanser,First Treatment Essence Cleanser,Su:m37,Fermented Extracts,All Nourishing
Night,Cleanser,Oil Cleanser,Sulwhasoo,Ginseng Oil Pine Needle Oil,All Luxury Herbal
Night,Cleanser,Gentle Oil Cleanser,Sulwhasoo,Apricot Seed Oil Macadamia Seed Oil,All Gentle
Night,Cleanser,Herbal Oil Cleanser,Sulwhasoo,Japanese Angelica Root Cinnamon,All Balancing
Night,Cleanser,Purifying Cleanser,SK-II,Pitera Facial Treatment Essence,All Luxury
Night,Cleanser,Facial Treatment Cleanser,SK-II,Pitera Amino Acids,All Nourishing
Night,Cleanser,Enzyme Powder Wash,Su:m37,Papaya Enzyme Fermented Extracts,All Exfoliating
Night,Cleanser,Milk Cleanser,Bybi,Aloe Vera Oat Milk,All Soothing
Night,Cleanser,Buttermilk Cleanser,Bybi,Buttermilk Oat Flour,All Nourishing
Night,Cleanser,Cream Cleanser,Drunk Elephant,Virgin Marula Oil Ceramides,All Nourishing
Night,Cleanser,Jelly Cleanser,Glossier,Water Glycerin Propanediol,All Gentle
Night,Cleanser,Milky Jelly Cleanser,Glossier,Allantoin Panthenol Pro-Vitamin B5,All Hydrating
Night,Cleanser,Purifying Cleanser,Kate Somerville,Salicylic Acid Sulfur,Oily Acne
Night,Cleanser,Exfolikate Cleanser,Kate Somerville,Pumpkin Enzyme Lactic Acid,All Exfoliating
Night,Cleanser,Goat Milk Cleanser,Kate Somerville,Goat Milk Vitamin A,All Nourishing
Night,Cleanser,Sulphur Cleanser,Kate Somerville,Sulfur Salicylic Acid,Oily Acne
Night,Cleanser,Wrinkle Warrior Cleanser,Kate Somerville,Glycolic Acid Lactic Acid,Aging Exfoliating
Night,Cleanser,Clarifying Cleanser,Murad,Salicylic Acid Green Tea,Oily Blemish
Night,Cleanser,Essential-C Cleanser,Murad,Vitamin C Glycolic Acid,All Brightening
Night,Cleanser,Time Release Cleanser,Murad,Retinol Glycolic Acid,Aging Exfoliating
Night,Cleanser,Hydro-Dynamic Cleanser,Murad,Hyaluronic Acid Glycerin,Dehydrated All
Night,Cleanser,Soothing Cleanser,PCA Skin,Aloe Vera Cucumber Extract,All Calming
Night,Cleanser,Clearing Cleanser,PCA Skin,Salicylic Acid,Oily Blemish
Night,Cleanser,Creamy Cleanser,PCA Skin,Shea Butter Glycerin,All Dry
Night,Cleanser,Exfoliating Cleanser,PCA Skin,Lactic Acid Salicylic Acid,All Exfoliating
Night,Cleanser,Anti-Redness Cleanser,PCA Skin,Azelaic Acid,Redness Prone
Night,Cleanser,Cleanser Bar,Drunk Elephant,Marula Oil Ceramides,All Bar
Night,Cleanser,Beauty Bar,Dove,Moisture Cream Glycerin,All Dry
Night,Cleanser,Cleansing Water,Bioderma,Poloxamer PEG-6 Caprylic Triglycerides,All Sensitive
Night,Cleanser,Cleansing Milk,Bioderma,Glycerin Caprylic/Capric Triglyceride,All Dry
Night,Cleanser,Cleansing Gel,Bioderma,Zinc Sulfate Copper Sulfate,Oily Combination
Night,Cleanser,Makeup Remover Wipes,Simple,Pro-Vitamin B5 Vitamin E,All Convenience
Night,Cleanser,Cleansing Wipes,Neutrogena,Glycerin Aloe,All Convenience
Night,Cleanser,Cleansing Towelettes,Yes To Cucumbers,Cucumber Extract Aloe,All Refresh
Night,Cleanser,Cleansing Towelettes,Burt's Bees,White Tea Extract Rice Extract,All Natural
Night,Cleanser,Cleansing Wipes,Garnier,Glycerin Micellar Water,All Remove
Night,Serum,Niacinamide Serum,The Ordinary,Niacinamide Zinc PCA,Oily Combination
Night,Serum,Retinol Serum,The Ordinary,Retinol Squalane,Normal Aging
Night,Serum,Granactive Retinoid Serum,The Ordinary,Granactive Retinoid Squalane,Sensitive Aging
Night,Serum,Azelaic Acid Suspension,The Ordinary,Azelaic Acid,Oily Redness
Night,Serum,Alpha Arbutin Serum,The Ordinary,Alpha Arbutin Hyaluronic Acid,Dull Pigmentation
Night,Serum,Matrixyl Serum,The Ordinary,Matrixyl Hyaluronic Acid,All Aging
Night,Serum,Argireline Serum,The Ordinary,Acetyl Hexapeptide-8,All Expression Lines
Night,Serum,Copper Peptides Serum,The Ordinary,Copper Tripeptide-1 Hyaluronic Acid,All Repair
Night,Serum,Resveratrol Serum,The Ordinary,Resveratrol Ferulic Acid,All Antioxidant
Night,Serum,EUK Serum,The Ordinary,EUK 134,All Antioxidant
Night,Serum,Retin-A Serum,Prescription,Tretinoin,Prescription Acne Aging
Night,Serum,Differin Gel,Prescription,Adapalene,Prescription Acne
Night,Serum,Retin-A Micro,Prescription,Tretinoin Microsphere,Prescription Aging
Night,Serum,Retinoic Acid Serum,Prescription,All-Trans Retinoic Acid,Prescription Only
Night,Serum,Tazorac Cream,Prescription,Tazarotene,Prescription Severe Acne
Night,Serum,Retinol 1% Serum,Paula's Choice,Retinol Vitamin C Peptides,Normal Aging
Night,Serum,Retinol Booster,Paula's Choice,Retinol Bakuchiol,Sensitive Aging
Night,Serum,CLINICAL Serum,Paula's Choice,Retinol Peptides Licorice,All Advanced Aging
Night,Serum,Retinol 0.3% Serum,La Roche-Posay,Retinol Adenosine Linoleic Acid,All First Retinol
Night,Serum,Retinol B3 Serum,La Roche-Posay,Retinol Niacinamide,All Anti-Aging
Night,Serum,Redermic R Serum,La Roche-Posay,Retinol Retinyl Linoleate,All Wrinkles
Night,Serum,Pigmentclar Serum,La Roche-Posay,Ferulic Acid Retinol,Dull Pigmentation
Night,Serum,Retinol Serum,Neutrogena,Retinol Glycerin,All Rapid Wrinkle
Night,Serum,Rapid Wrinkle Repair Serum,Neutrogena,Retinol Glucose Complex,All Advanced Wrinkles
Night,Serum,Healthy Skin Serum,Neutrogena,Retinol Vitamin C,All Brightening
Night,Serum,Retinol Complex Serum,Olay,Retinol Niacinamide Peptides,All Aging
Night,Serum,Retinol 24 Serum,Olay,Retinol Niacinamide Amino Acids,All Night
Night,Serum,Regenerist Retinol Serum,Olay,Retinol Peptides Niacinamide,All Firming
Night,Serum,Retinol Serum,Revision Skincare,Retinol Hyaluronic Acid,All Professional
Night,Serum,Retinol Complete,Revision Skincare,Retinol Ceramides,All Barrier
Night,Serum,Retinol Serum,Dermalogica,Retinol Boswellia Extract Lavender,All Soothing Retinol
Night,Serum,Overnight Retinol Serum,Dermalogica,Retinol Peptides Hyaluronic Acid,All Night Repair
Night,Serum,Phyto-Retinol Serum,Dermalogica,Bakuchiol Seaweed Extract,Sensitive Aging
Night,Serum,Retinol Clearing Oil,Dermalogica,Retinol Salicylic Acid,Oily Aging
Night,Serum,Retinol Serum,SkinMedica,Retinol Ceramides,All Professional
Night,Serum,TNS Serum,SkinMedica,Human Fibroblast Conditioned Media,All Ultimate Repair
Night,Serum,Lytera Serum,SkinMedica,Tranexamic Acid Niacinamide,All Pigmentation
Night,Serum,AHA/BHA Serum,Dermalogica,Glycolic Acid Salicylic Acid,All Exfoliating
Night,Serum,Nightly Refining Serum,Dermalogica,Lactic Acid Salicylic Acid,All Texture
Night,Serum,Overnight Glow Serum,Dermalogica,Glycolic Acid Lactic Acid,All Brightening
Night,Serum,Good Genes Serum,Sunday Riley,Lactic Acid Licorice,All Exfoliating
Night,Serum,CEO Serum,Sunday Riley,Vitamin C,All Brightening
Night,Serum,Luna Oil,Sunday Riley,Retinol Blue Tansy,All Night Oil
Night,Serum,UFO Oil,Sunday Riley,Salicylic Acid Tea Tree Oil,Oily Acne
Night,Serum,Juno Oil,Sunday Riley,Antioxidant Oil Blend,All Nourishing
Night,Serum,A+ Retinoid Oil,Sunday Riley,Retinoid,All High Potency
Night,Serum,Retinol in Squalane,Biossance,Squalane Retinol Bakuchiol,All Gentle Retinol
Night,Serum,Retinol + Probiotic Gel,Biossance,Squalane Retinol Lactobacillus,All Microbiome Friendly
Night,Serum,Retinol Serum,Drunk Elephant,Retinol Marula Oil,All Virgin
Night,Serum,A-Passioni Retinol Cream,Drunk Elephant,Retinol Peptides,All Potent
Night,Serum,Protini Polypeptide Cream,Drunk Elephant,Peptides Amino Acids,All Firming
Night,Serum,F-Balm Electrolyte Waterfacial,Drunk Elephant,Peptides Niacinamide,All Night Mask
Night,Serum,T.L.C. Framboos Serum,Drunk Elephant,Glycolic Acid Salicylic Acid Lactic Acid,All Exfoliating
Night,Serum,Babyfacial,Drunk Elephant,Glycolic Acid Lactic Acid Tartaric Acid,All Intensive Exfoliating
Night,Serum,Vitamin C Serum,Drunk Elephant,Ascorbic Acid Ferulic Acid,All Brightening
Night,Serum,Marula Oil,Drunk Elephant,Virgin Marula Oil,All Nourishing
Night,Serum,Lactic Acid Serum,Drunk Elephant,Lactic Acid,All Exfoliating
Night,Serum,Glycolic Acid Serum,Drunk Elephant,Glycolic Acid,All Exfoliating
Night,Serum,Resurfacing Compound,SkinCeuticals,Glycolic Acid Phytic Acid,All Overnight Resurface
Night,Serum,Retexturing Activator,SkinCeuticals,Pro-xylane Botanical Extracts,All Texture
Night,Serum,Blemish Age Defense,SkinCeuticals,Salicylic Acid Glycolic Acid,Oily Acne Aging
Night,Serum,Discoloration Defense,SkinCeuticals,Tranexamic Acid Niacinamide,All Pigmentation
Night,Serum,Retinol 0.5,SkinCeuticals,Retinol,All Professional
Night,Serum,Retinol 1.0,SkinCeuticals,Retinol,All Professional Max
Night,Serum,Hydrating B5 Gel,SkinCeuticals,Vitamin B5 Hyaluronic Acid,All Hydration
Night,Serum,Phloretin CF Gel,SkinCeuticals,Phloretin Ferulic Acid,All Antioxidant
Night,Serum,C E Ferulic,SkinCeuticals,Vitamin C E Ferulic Acid,All Gold Standard
Night,Serum,Silymarin CF,SkinCeuticals,Silymarin Salicylic Acid,Oily Antioxidant
Night,Serum,Resveratrol B E,SkinCeuticals,Resveratrol Vitamin E,All Night Antioxidant
Night,Serum,Metacell Renewal B3,Babor,Hormone Replacement Factor Hyaluronic Acid,Hormonal Aging
Night,Serum,3D Hyaluronic Acid Serum,Babor,Hyaluronic Acid Marine Collagen,All Plumping
Night,Serum,Ampoule Concentrates,Babor,Variable Actives,All Targeted
Night,Serum,Retinol Genius Serum,La Roche-Posay,Retinol Adenosine,All Night Genius
Night,Serum,B3 Serum,La Roche-Posay,Niacinamide,All Soothing
Night,Serum,C10 Serum,La Roche-Posay,Vitamin C Salicylic Acid,All Brightening
Night,Serum,Hyaluron B5 Serum,La Roche-Posay,Hyaluronic Acid Vitamin B5,All Hydration
Night,Moisturizer,Night Cream,CeraVe,Ceramides Niacinamide Hyaluronic Acid,All Night Repair
Night,Moisturizer,PM Facial Moisturizer,CeraVe,Niacinamide Ceramides Hyaluronic Acid,All Night
Night,Moisturizer,Night Cream,Neutrogena,Retinol Glycerin,All Night Renewal
Night,Moisturizer,Rapid Wrinkle Repair Cream,Neutrogena,Retinol Glucose Complex,All Night Wrinkles
Night,Moisturizer,Night Cream,Olay,Retinol Niacinamide Peptides,All Age Defying
Night,Moisturizer,Regenerist Night Cream,Olay,Niacinamide Peptides Amino Acids,All Night Firming
Night,Moisturizer,Retinol 24 Night Cream,Olay,Retinol Niacinamide,All Night Intensive
Night,Moisturizer,Night Cream,RoC,Retinol Hexinol Complex,All Multi Correxion
Night,Moisturizer,Retinol Correxion Night Cream,RoC,Retinol,All Deep Wrinkles
Night,Moisturizer,Night Cream,No7,Retinol Peptides,All Advanced
Night,Moisturizer,Protect & Perfect Night Cream,No7,Retinol Peptides,All Intense
Night,Moisturizer,Night Cream,Nivea,Q10 Creatine,All Cellular
Night,Moisturizer,Cellular Night Cream,Nivea,Q10 Creatine,All Anti-Aging
Night,Moisturizer,Night Cream,Ponds,CliniTurmeric Retinol,All Youthful Glow
Night,Moisturizer,Age Miracle Night Cream,Ponds,Retinol-C Complex,All Miracle
Night,Moisturizer,Night Cream,Garnier,Retinol Peptides,All SkinActive
Night,Moisturizer,Night Renewing Cream,Garnier,Retinol Hyaluronic Acid,All Overnight
Night,Moisturizer,Night Cream,L'Oreal,Retinol Peptides,All Age Perfect
Night,Moisturizer,Golden Age Night Cream,L'Oreal,Pro-Retinol Peptides,All Golden
Night,Moisturizer,Revitalift Night Cream,L'Oreal,Pro-Retinol Hyaluronic Acid,All Revitalift
Night,Moisturizer,Night Cream,Kiehl's,Squalane Evening Primrose Oil,All Midnight Recovery
Night,Moisturizer,Midnight Recovery Cream,Kiehl's,Squalane Evening Primrose Oil,All Botanical
Night,Moisturizer,Ultra Night Cream,Kiehl's,Squalane Oat Kernel Oil,All Nourishing
Night,Moisturizer,Night Cream,La Roche-Posay,Shea Butter Niacinamide,All Toleriane
Night,Moisturizer,Redermic R Cream,La Roche-Posay,Retinol Adenosine,All Night Wrinkles
Night,Moisturizer,Cicaplast Baume,La Roche-Posay,Panthenol Shea Butter Madecassoside,All Night Repair
Night,Moisturizer,Lipikar Baume,La Roche-Posay,Shea Butter Niacinamide,All Night Body
Night,Moisturizer,Night Cream,Avène,Avène Thermal Spring Water Shea Butter,Sensitive Night
Night,Moisturizer,Retrinal Cream,Avène,Retinaldehyde Tocopheryl Glucoside,Sensitive Aging
Night,Moisturizer,Night Cream,Dr. Jart+,Ceramides Panthenol Peptides,Dry Night Repair
Night,Moisturizer,Ceramidin Night Cream,Dr. Jart+,Ceramides Shea Butter Panthenol,Dry Barrier Night
Night,Moisturizer,Cicapair Night Cream,Dr. Jart+,Centella Asiatica Madecassoside,Sensitive Night Repair
Night,Moisturizer,Night Cream,Belif,Shea Butter Evening Primrose Oil,Dry Night
Night,Moisturizer,Moisturizing Bomb Night,Belif,Shea Butter Squalane,Dry Intense Night
Night,Moisturizer,Night Cream,Innisfree,Green Tea Seed Oil Shea Butter,Dry Night
Night,Moisturizer,Green Tea Night Cream,Innisfree,Green Tea Extract Squalane,Combination Night
Night,Moisturizer,Orchid Night Cream,Innisfree,Orchid Extract Camellia Oil,All Nourishing Night
Night,Moisturizer,Bija Night Cream,Innisfree,Salicylic Acid Tea Tree Oil,Oily Night
Night,Moisturizer,Night Cream,Sulwhasoo,Ginseng Extract Apricot Seed Oil,Aging Night
Night,Moisturizer,Concentrated Ginseng Night Cream,Sulwhasoo,Concentrated Ginseng Extract,Aging Intensive Night
Night,Moisturizer,Timetreasure Night Cream,Sulwhasoo,Royal Ginseng Saponins,Aging Ultimate Night
Night,Moisturizer,Essential Night Cream,Sulwhasoo,Herbal Blend Shea Butter,Dry Night
Night,Moisturizer,Snowise Night Cream,Sulwhasoo,White Ginseng Podophyllin,Brightening Night
Night,Moisturizer,Night Cream,Laneige,Water Sleeping Mask Ingredients,All Sleeping
Night,Moisturizer,Water Sleeping Mask,Laneige,Probiotics Squalane,All Overnight
Night,Moisturizer,Cica Sleeping Mask,Laneige,Centella Asiatica Madecassoside,Sensitive Night
Night,Moisturizer,Berry Sleeping Mask,Klairs,Blueberry Extract Vitamin C,All Antioxidant Night
Night,Moisturizer,Firming Sleeping Mask,Klairs,Peptides Adenosine,All Firming Night
Night,Moisturizer,Rich Moist Sleeping Mask,Klairs,Sodium Hyaluronate Shea Butter,Dry Night
Night,Moisturizer,Night Mask,COSRX,Rice Extract Honey Extract,All Nourishing Night
Night,Moisturizer,Ultimate Moisturizing Mask,COSRX,Snail Secretion Filtrate,All Intensive Night
Night,Moisturizer,Honey Sleeping Mask,COSRX,Propolis Extract Honey Extract,All Glow Night
Night,Moisturizer,Rice Sleeping Mask,COSRX,Rice Extract Niacinamide,Brightening Night
Night,Moisturizer,Water Sleeping Pack,Tony Moly,Watermelon Extract Squalane,All Hydrating Night
Night,Moisturizer,Appletox Cream,Tony Moly,Apple Extract Lactic Acid,All Exfoliating Night
Night,Moisturizer,Panda Dream Cream,Tony Moly,Arbutin Vitamin C,Brightening Night
Night,Moisturizer,Night Cream,Mizon,Snail Secretion Filtrate 80%,All Repair Night
Night,Moisturizer,Snail Repair Night Cream,Mizon,Snail Secretion Filtrate Niacinamide,All Intensive Night
Night,Moisturizer,Night Cream,Etude House,Shea Butter Collagen,Dry Night
Night,Moisturizer,Moistfull Collagen Night Cream,Etude House,Collagen Shea Butter,Dry Firming Night
Night,Moisturizer,Soon Jung Night Cream,Etude House,Panthenol Madecassoside,Sensitive Night
Night,Moisturizer,Night Cream,Missha,Snail Extract Licorice,All Repair Night
Night,Moisturizer,Time Revolution Night Cream,Missha,Fermented Extracts Peptides,Aging Night
Night,Moisturizer,Night Repair Cream,Estee Lauder,Chronolux Technology Tripeptide-32,All Advanced Night
Night,Moisturizer,Advanced Night Repair Cream,Estee Lauder,Bifida Ferment Lysate Tripeptide-32,All Ultimate Night
Night,Moisturizer,Revitalizing Supreme Night Cream,Estee Lauder,Moringa Extract Pomegranate Extract,Aging Firming Night
Night,Moisturizer,Night Cream,Lancome,Pro-Xylane Rose Extract,All Renergie Night
Night,Moisturizer,Absolue Night Cream,Lancome,Rose Extracts Pro-Xylane,Luxe Aging Night
Night,Moisturizer,Genifique Night Cream,Lancome,Bifida Ferment Lysate Vitamin Cg,All Youth Night
Night,Moisturizer,Night Cream,Shiseido,Retinol Wild Thyme Extract,All Vital-Perfection
Night,Moisturizer,Bio-Performance Night Cream,Shiseido,Super Bio-Formula,All Performance Night
Night,Moisturizer,Future Solution LX Night Cream,Shiseido,Enmei Herb Extract,Sensual Night
Night,Moisturizer,Night Cream,Sulwhasoo,Concentrated Ginseng Extract,All Ultimate Night
Night,Moisturizer,Night Cream,La Mer,Miracle Broth Sea Kelp Lime Tea,Luxe Night
Night,Moisturizer,The Night Cream,Augustinus Bader,TFC8 Technology,All Ultimate Night
Night,Moisturizer,Rich Night Cream,Augustinus Bader,TFC8 Technology Shea Butter,Mature Dry Night
Night,Moisturizer,The Cream Night,Augustinus Bader,TFC8 Technology,Mature Normal Night